{
  "actions": [
    {
      "description": "Default Welcome Intent",
      "name": "MAIN",
      "fulfillment": {
        "conversationName": "finance mate"
      },
      "intent": {
        "name": "actions.intent.MAIN",
        "trigger": {
          "queryPatterns": [
            "talk to finance mate"
          ]
        }
      }
    },
 {
        "description": "Jarvis Intent",
        "name": "TEXT",
        "fulfillment": {
          "conversationName": "jarvis_intent"
        },
        "intent": {
          "name": "actions.intent.TEXT",
          "trigger": {
            "queryPatterns":[]
          }
        }
      }
  ],
  "conversations": {
    "finance mate": {
      "name": "finance mate",
      "url": "https://cf4879ec.ngrok.io/google_home/webhook",
      "fulfillmentApiVersion": 2
    },
    "jarvis_intent": {
        "name": "jarvis_intent",
        "url": "https://cf4879ec.ngrok.io/google_home/webhook",
        "fulfillmentApiVersion": 2
    }
  },
  "locale": "en"
}
