{
  "intents": [
    {
      "tag": "intent_greeting",
      "patterns": [
        "Hi",
        "How are you",
        "Is anyone there?",
        "Hello",
        "Good day",
        "Hi bot",
        "hello everybody",
        "hello is anybody there",
        "hello robot",
        "hi folks",
        "hola",
        "hello sweet boy",
        "howdy",
        "Well hello there ;)",
        "hey, let's talk",
        "hello it is me again"
      ],
      "responses": [],
      "context_set": ""
    },
    {
      "tag": "intent_goodbye",
      "patterns": [
        "bye",
        "See you later",
        "Goodbye",
        "well good bye",
        "have a nice day",
        "bye bye",
        "was nice talking to you",
        "talk to you later",
        "farewell",
        "good night",
        "goodnight",
        "see ya",
        "bye then",
        "catch you later",
        "so long"
      ],
      "responses": []
    },
    {
      "tag": "intent_thanks",
      "patterns": [
        "Thanks",
        "Thank you",
        "That's helpful",
        "good",
        "great",
        "this is super cool",
        "thanks a bunch for everything",
        "cool thank you",
        "great thanks",
        "amazing, thanks",
        "cheers bro",
        "Thank you so much"
      ],
      "responses": []
    },
    {
      "tag": "intent_purse_total",
      "patterns": [
        "what's in my purse",
        "wallet info",
        "tell me my total money on my account",
        "hey I want to know how much money left on my purse",
        "total funds I have",
        "I want to get money in purse",
        "what are my funds?",
        "give me my total number",
        "get my account value",
        "how much funds are available on my account?",
        "how much money I own on my purse?",
        "what is my account balance?",
        "give me my wallet balance?",
        "tell me how much money do i have?",
        "What is the status of my purse?"
      ],
      "responses": []
    },
    {
      "tag": "intent_help",
      "patterns": [
        "help",
        "help please",
        "i don't know what i want",
        "I need some help",
        "options",
        "show me the menu",
        "show me what's possible",
        "so what can you do",
        "so what can you help me with?",
        "what are you good at?",
        "what can I do here",
        "what can I do with this bot",
        "what is this bot for",
        "cool! can I do something else here?",
        "help me",
        "how can you help me",
        "what can i do here",
        "what can i do now"
      ],
      "responses": []
    },
    {
      "tag": "intent_affirm",
      "patterns": [
        "yes",
        "definitely yes",
        "always",
        "absolutely",
        "i think so",
        "i'm afraid yes",
        "yes sir",
        "yes ma'am",
        "sure",
        "ofcourse",
        "for sure",
        "yeah that's right",
        "right",
        "aha",
        "go",
        "got it",
        "i'm cool with it",
        "it's ok",
        "no problem",
        "good"
      ],
      "responses": []
    },
    {
      "tag": "intent_deny",
      "patterns": [
        "no",
        "definitely not",
        "never",
        "absolutely not",
        "i don't think so",
        "i'm afraid not",
        "no sir",
        "no ma'am",
        "no way",
        "no sorry",
        "No, not really.",
        "nah not for me",
        "nah",
        "no and no again",
        "no go",
        "no thanks",
        "decline",
        "deny",
        "i decline",
        "never mind"
      ],
      "responses": []
    },
    {
      "tag": "intent_get_spend_planned",
      "patterns": [
        "what's planned for the purse",
        "planned wallet info",
        "tell me my planned money",
        "hey I want to know how much money we plan",
        "total plans I have",
        "I want to get planned money",
        "what are my scheduled funds?",
        "give me my scheduled total number",
        "get my planed account value",
        "how much funds scheduled on my account?",
        "how much money I plan to spend?",
        "give me my wallet planned amount?",
        "tell me how much money do i have planned?",
        "what are my plans for the month?",
        "what we scheduled for the current month",
        "what is planned?"
      ],
      "responses": []
    },
    {
      "tag": "intent_new_buy",
      "patterns": [
        "I wanna buy a new laptop",
        "I have plans to purchase a play station",
        "buying a bike",
        "hey I am going to make purchase it's a car",
        "I would like to get a new chair from store",
        "I plan to make a buy it is new house",
        "Take a new laptop",
        "i should buy a laptop",
        "I am gonna to shop for a new stuff",
        "I can afford a new wheel",
        "I want to purchasing a cow",
        "I will pay for a new cup",
        "It would be great to pick up a new host"
      ],
      "responses": []
    },
    {
      "tag": "intent_inform",
      "patterns": [
        "intent_It's 800$",
        "hundred dollars",
        "it is twenty",
        "four hundreds",
        "the price is fifty baks",
        "it will cost me one thousand",
        "746",
        "well it is not so expensive - 400 dollars",
        "it's just fifty dollars",
        "product price - 30$",
        "it is 800"
      ],
      "responses": []
    },
    {
      "tag": "intent_get_spent",
      "patterns": [
        "how much I've already spent?",
        "can you tell me what I have spent already?",
        "spend",
        "what spent",
        "how much money i used",
        "used funds",
        "hey could you tell me what are my used funds for the current month",
        "the amount I have spent as of now",
        "get my funds distributed",
        "ok I want to get my account spending"
      ],
      "responses": []
    }
  ]
}
